{
  "model_name": "cnn",
  "model_type": "pytorch",
  "timestamp": "2025-09-17 15:44:07",
  "config": {
    "data_dir": "/Users/wjs/Library/CloudStorage/OneDrive-Personal/Coding, ML & DL/ResponsibleAI/cardd_data/manipulated_results",
    "metadata_dir": "/Users/wjs/Library/CloudStorage/OneDrive-Personal/Coding, ML & DL/ResponsibleAI/cardd_data/manipulated_results/metadata",
    "sample_size": 500,
    "shuffle": true,
    "target_size": [
      512,
      512
    ],
    "batch_size": 32,
    "test_size": 0.2,
    "learning_rate": 0.0001,
    "num_epochs": 20,
    "model_name": "cnn",
    "hidden_size": 256,
    "dropout": 0.2,
    "random_state": 42
  },
  "results": {
    "best_test_acc": 81.0,
    "train_losses": [
      0.6944690851064829,
      0.6853806330607488,
      0.6876728397149307,
      0.6827676342083857,
      0.6822728056174058,
      0.6590715600894048,
      0.6434705807612493,
      0.6670295962920556,
      0.6318378906983596,
      0.6149263611206641,
      0.6059613640491779,
      0.5884825816521277,
      0.5676504740348229,
      0.5557739620025341,
      0.5270025294560653,
      0.5330979136320261,
      0.5250293887578524,
      0.5753393746339358,
      0.48418142474614656,
      0.49085930906809294
    ],
    "train_accuracies": [
      49.25,
      58.0,
      54.25,
      57.75,
      55.5,
      64.0,
      62.5,
      59.5,
      65.75,
      67.75,
      68.0,
      67.75,
      71.25,
      73.5,
      74.25,
      73.0,
      75.0,
      71.0,
      78.75,
      78.75
    ],
    "test_losses": [
      0.6912089884281158,
      0.7116402089595795,
      0.6823131442070007,
      0.672306701540947,
      0.6663301587104797,
      0.6831327378749847,
      0.6246628910303116,
      0.6189101487398148,
      0.6715207248926163,
      0.7161642909049988,
      0.5996285378932953,
      0.7329737991094589,
      0.6079355180263519,
      0.6236197054386139,
      0.523932658135891,
      0.525739461183548,
      0.5788454860448837,
      0.42460641264915466,
      0.5835128501057625,
      0.49958518147468567
    ],
    "test_accuracies": [
      53.0,
      37.0,
      46.0,
      56.0,
      63.0,
      58.0,
      65.0,
      71.0,
      63.0,
      57.0,
      70.0,
      53.0,
      77.0,
      62.0,
      75.0,
      78.0,
      70.0,
      81.0,
      75.0,
      81.0
    ],
    "train_samples": 400,
    "test_samples": 100
  },
  "model_file": "cnn_model.pth",
  "checkpoint_file": "cnn_checkpoint.pth",
  "model_parameters": 1718401,
  "best_model_file": "cnn_best.pth",
  "best_checkpoint_file": "cnn_best_checkpoint.pth",
  "best_epoch": 18
}