{
  "model_name": "cnn",
  "model_type": "pytorch",
  "timestamp": "2025-10-06 17:27:24",
  "config": {
    "data_dir": "/Users/wjs/Library/CloudStorage/OneDrive-Personal/Coding, ML & DL/ResponsibleAI/cardd_data/GenAI_Results/SD2/CarDD-TR",
    "metadata_dir": "/Users/wjs/Library/CloudStorage/OneDrive-Personal/Coding, ML & DL/ResponsibleAI/cardd_data/GenAI_Results/SD2/CarDD-TR/metadata",
    "sample_size": null,
    "shuffle": true,
    "target_size": [
      512,
      512
    ],
    "batch_size": 32,
    "test_size": 0.2,
    "learning_rate": 0.0001,
    "num_epochs": 10,
    "model_name": "cnn",
    "hidden_size": 64,
    "dropout": 0.2,
    "random_state": 42
  },
  "results": {
    "best_test_acc": 83.38557993730407,
    "train_losses": [
      0.684212152659893,
      0.664158983528614,
      0.6168348170816899,
      0.5773572437465191,
      0.5291368033736944,
      0.488953123986721,
      0.46975153796374797,
      0.44902646653354167,
      0.44253953713923694,
      0.4336427802219987
    ],
    "train_accuracies": [
      54.92349941153393,
      60.45508042369557,
      67.5166732051785,
      71.24362495096116,
      74.22518634758728,
      77.55982738328757,
      79.1290702236171,
      79.48214986269124,
      79.8352295017654,
      80.46292663789721
    ],
    "train_precisions": [
      0.5492010092514719,
      0.612453531598513,
      0.6756529064869419,
      0.7237790232185749,
      0.7624084621643613,
      0.8020477815699659,
      0.8098106712564543,
      0.8131313131313131,
      0.819047619047619,
      0.826487845766974
    ],
    "train_recalls": [
      0.5157977883096366,
      0.5272,
      0.6441767068273092,
      0.6996904024767802,
      0.7196620583717358,
      0.734375,
      0.7515974440894568,
      0.7624309392265194,
      0.7561950439648282,
      0.7721221613155834
    ],
    "train_f1_scores": [
      0.5319755600814665,
      0.5666380051590714,
      0.6595394736842105,
      0.7115308933490753,
      0.7404188067957329,
      0.7667210440456771,
      0.7796188898094448,
      0.7869653767820775,
      0.7863674147963425,
      0.7983805668016194
    ],
    "test_losses": [
      0.6706330209970475,
      0.6372646987438202,
      0.691714483499527,
      0.6618334770202636,
      0.5975063771009446,
      0.463226118683815,
      0.6083875849843026,
      0.3834294222295284,
      0.6537880972027779,
      0.5518863931298256
    ],
    "test_accuracies": [
      61.12852664576803,
      63.793103448275865,
      57.83699059561128,
      61.912225705329156,
      66.14420062695925,
      78.0564263322884,
      69.27899686520377,
      83.38557993730407,
      68.02507836990596,
      71.9435736677116
    ],
    "test_precisions": [
      0.7393939393939394,
      0.8376623376623377,
      0.9736842105263158,
      0.9896907216494846,
      0.9912280701754386,
      0.96045197740113,
      0.963963963963964,
      0.9626556016597511,
      0.9918032786885246,
      1.0
    ],
    "test_recalls": [
      0.3730886850152905,
      0.3850746268656716,
      0.12131147540983607,
      0.28402366863905326,
      0.3445121951219512,
      0.5610561056105611,
      0.35785953177257523,
      0.7051671732522796,
      0.3734567901234568,
      0.4053156146179402
    ],
    "test_f1_scores": [
      0.49593495934959353,
      0.5276073619631901,
      0.21574344023323616,
      0.4413793103448275,
      0.5113122171945701,
      0.7083333333333334,
      0.5219512195121951,
      0.8140350877192982,
      0.5426008968609866,
      0.5768321513002364
    ],
    "train_samples": 2549,
    "test_samples": 638
  },
  "model_file": "cnn_model.pth",
  "checkpoint_file": "cnn_checkpoint.pth",
  "model_parameters": 1604449,
  "best_model_file": "cnn_best.pth",
  "best_checkpoint_file": "cnn_best_checkpoint.pth",
  "best_epoch": 8
}