{
  "model_name": "cnn",
  "model_type": "pytorch",
  "timestamp": "2025-10-28 07:32:26",
  "config": {
    "data_dir": "/home/ubuntu/ResponsibleAI/cardd_data/GenAI_Results/SD2/CarDD-TR",
    "metadata_dir": "/home/ubuntu/ResponsibleAI/cardd_data/GenAI_Results/SD2/CarDD-TR/metadata",
    "sample_size": 500,
    "shuffle": true,
    "target_size": [
      512,
      512
    ],
    "batch_size": 32,
    "test_size": 0.2,
    "learning_rate": 0.0001,
    "num_epochs": 10,
    "model_name": "cnn",
    "hidden_size": 64,
    "dropout": 0.2,
    "random_state": 42
  },
  "results": {
    "best_test_acc": 74.0,
    "train_losses": [
      0.6954525755001948,
      0.6864085931044358,
      0.6853577357072097,
      0.6808529542042658,
      0.6755226850509644,
      0.66877393080638,
      0.668359114573552,
      0.6463378988779508,
      0.6566872229942908,
      0.638483253809122
    ],
    "train_accuracies": [
      52.0,
      54.25,
      56.5,
      55.75,
      58.0,
      60.5,
      61.25,
      65.0,
      59.0,
      65.75
    ],
    "train_precisions": [
      0.5071942446043165,
      0.5238095238095238,
      0.5266272189349113,
      0.5850340136054422,
      0.5955056179775281,
      0.5913461538461539,
      0.660377358490566,
      0.6360153256704981,
      0.5964125560538116,
      0.6481481481481481
    ],
    "train_recalls": [
      0.7193877551020408,
      0.5699481865284974,
      0.48633879781420764,
      0.42574257425742573,
      0.5247524752475248,
      0.6275510204081632,
      0.6278026905829597,
      0.7867298578199052,
      0.642512077294686,
      0.6965174129353234
    ],
    "train_f1_scores": [
      0.5949367088607594,
      0.5459057071960297,
      0.5056818181818181,
      0.49283667621776506,
      0.5578947368421053,
      0.6089108910891089,
      0.6436781609195402,
      0.7033898305084747,
      0.6186046511627906,
      0.671462829736211
    ],
    "test_losses": [
      0.6866128593683243,
      0.715557724237442,
      0.6720547080039978,
      0.679046556353569,
      0.6716769337654114,
      0.6468041986227036,
      0.6413790285587311,
      0.6428634375333786,
      0.6711031496524811,
      0.5976751446723938
    ],
    "test_accuracies": [
      54.0,
      37.0,
      52.0,
      61.0,
      61.0,
      65.0,
      65.0,
      57.0,
      63.0,
      74.0
    ],
    "test_precisions": [
      0.0,
      0.5,
      0.875,
      0.7142857142857143,
      0.5714285714285714,
      0.6666666666666666,
      0.9285714285714286,
      0.5641025641025641,
      0.9444444444444444,
      0.7413793103448276
    ],
    "test_recalls": [
      0.0,
      0.015873015873015872,
      0.12962962962962962,
      0.39215686274509803,
      0.5333333333333333,
      0.6274509803921569,
      0.2765957446808511,
      0.8301886792452831,
      0.32075471698113206,
      0.7962962962962963
    ],
    "test_f1_scores": [
      0.0,
      0.03076923076923077,
      0.22580645161290322,
      0.5063291139240506,
      0.5517241379310344,
      0.6464646464646465,
      0.42622950819672134,
      0.6717557251908397,
      0.4788732394366197,
      0.7678571428571429
    ],
    "train_samples": 400,
    "test_samples": 100
  },
  "model_file": "cnn_model.pth",
  "checkpoint_file": "cnn_checkpoint.pth",
  "model_parameters": 1604449,
  "best_model_file": "cnn_best.pth",
  "best_checkpoint_file": "cnn_best_checkpoint.pth",
  "best_epoch": 10
}