{
  "source": {
    "loss": 0.6103881498177847,
    "overall_accuracy": 66.84491978609626,
    "real_accuracy": 93.54838709677419,
    "fake_accuracy": 40.42553191489362,
    "precision": 0.8636363636363636,
    "recall": 0.40425531914893614,
    "f1_score": 0.5507246376811594,
    "specificity": 0.9354838709677419,
    "confusion_matrix": {
      "tp": 76,
      "tn": 174,
      "fp": 12,
      "fn": 112
    },
    "domain_accuracy": 32.97872340425532,
    "domain_total": 188.0,
    "total_samples": 374.0
  },
  "target": {
    "loss": 0.7322338918844858,
    "overall_accuracy": 50.80213903743316,
    "real_accuracy": 92.3076923076923,
    "fake_accuracy": 16.585365853658537,
    "precision": 0.723404255319149,
    "recall": 0.16585365853658537,
    "f1_score": 0.2698412698412698,
    "specificity": 0.9230769230769231,
    "confusion_matrix": {
      "tp": 34,
      "tn": 156,
      "fp": 13,
      "fn": 171
    },
    "domain_accuracy": 88.78048780487805,
    "domain_total": 205.0,
    "total_samples": 374.0
  }
}