{
  "model_name": "cnn",
  "model_type": "pytorch",
  "timestamp": "2025-10-28 08:21:27",
  "config": {
    "data_dir": "/home/ubuntu/ResponsibleAI/cardd_data/GenAI_Results/SD2/CarDD-TR",
    "metadata_dir": "/home/ubuntu/ResponsibleAI/cardd_data/GenAI_Results/SD2/CarDD-TR/metadata",
    "sample_size": 500,
    "shuffle": true,
    "target_size": [
      512,
      512
    ],
    "batch_size": 32,
    "test_size": 0.2,
    "learning_rate": 0.0001,
    "num_epochs": 20,
    "model_name": "cnn",
    "hidden_size": 256,
    "dropout": 0.2,
    "random_state": 42
  },
  "results": {
    "best_test_acc": 81.0,
    "train_losses": [
      0.6886425339258634,
      0.6785556674003601,
      0.6687796803621145,
      0.6744000499065106,
      0.6692339686247019,
      0.6438839985774114,
      0.6250603061455947,
      0.6241740951171288,
      0.5947469335335952,
      0.557413596373338,
      0.5700695468829229,
      0.5550805009328402,
      0.526472848195296,
      0.5602986881366143,
      0.5543122933461115,
      0.5378157335978287,
      0.5220018946207486,
      0.5562576674498044,
      0.5220040335105016,
      0.5018220222913302
    ],
    "train_accuracies": [
      51.5,
      58.0,
      61.75,
      59.0,
      61.5,
      63.5,
      67.25,
      66.75,
      68.5,
      75.25,
      73.0,
      72.75,
      74.25,
      71.0,
      73.25,
      73.75,
      75.0,
      70.5,
      73.5,
      74.75
    ],
    "train_precisions": [
      0.503030303030303,
      0.5603864734299517,
      0.6136363636363636,
      0.6376811594202898,
      0.625,
      0.6146788990825688,
      0.73,
      0.6625,
      0.7035175879396985,
      0.8072289156626506,
      0.6777251184834123,
      0.7884615384615384,
      0.7650602409638554,
      0.765,
      0.680952380952381,
      0.7584269662921348,
      0.7630057803468208,
      0.7329545454545454,
      0.7100591715976331,
      0.8385093167701864
    ],
    "train_recalls": [
      0.8469387755102041,
      0.6010362694300518,
      0.4426229508196721,
      0.43564356435643564,
      0.594059405940594,
      0.6836734693877551,
      0.6547085201793722,
      0.7535545023696683,
      0.6763285024154589,
      0.6666666666666666,
      0.7814207650273224,
      0.6180904522613065,
      0.6649214659685864,
      0.6891891891891891,
      0.7814207650273224,
      0.6852791878172588,
      0.6910994764397905,
      0.645,
      0.6779661016949152,
      0.6428571428571429
    ],
    "train_f1_scores": [
      0.6311787072243347,
      0.58,
      0.5142857142857142,
      0.5176470588235295,
      0.6091370558375634,
      0.647342995169082,
      0.6903073286052009,
      0.70509977827051,
      0.6896551724137931,
      0.7302452316076294,
      0.7258883248730965,
      0.6929577464788732,
      0.711484593837535,
      0.7251184834123222,
      0.727735368956743,
      0.72,
      0.7252747252747253,
      0.6861702127659574,
      0.6936416184971097,
      0.7277628032345014
    ],
    "test_losses": [
      0.6915681958198547,
      0.7208071500062943,
      0.6944875717163086,
      0.6692781001329422,
      0.6453203707933426,
      0.6267445981502533,
      0.601503811776638,
      0.5439906120300293,
      0.8103479593992233,
      0.6208472549915314,
      0.9276276081800461,
      0.5101704970002174,
      0.9579040855169296,
      0.41490645706653595,
      0.84526427090168,
      0.5317204594612122,
      0.43107790499925613,
      0.438603512942791,
      0.5204906463623047,
      0.8264902085065842
    ],
    "test_accuracies": [
      54.0,
      37.0,
      47.0,
      56.0,
      61.0,
      67.0,
      60.0,
      72.0,
      57.0,
      74.0,
      51.0,
      73.0,
      63.0,
      80.0,
      58.0,
      73.0,
      81.0,
      76.0,
      79.0,
      59.0
    ],
    "test_precisions": [
      0.5,
      0.5,
      0.6666666666666666,
      0.8181818181818182,
      1.0,
      0.75,
      0.7058823529411765,
      0.9310344827586207,
      1.0,
      0.8888888888888888,
      0.8333333333333334,
      0.711864406779661,
      1.0,
      0.8541666666666666,
      1.0,
      0.8085106382978723,
      0.9,
      1.0,
      1.0,
      1.0
    ],
    "test_recalls": [
      0.021739130434782608,
      0.015873015873015872,
      0.037037037037037035,
      0.17647058823529413,
      0.13333333333333333,
      0.5294117647058824,
      0.2553191489361702,
      0.5094339622641509,
      0.18867924528301888,
      0.5925925925925926,
      0.09433962264150944,
      0.8076923076923077,
      0.22916666666666666,
      0.7592592592592593,
      0.16,
      0.6785714285714286,
      0.627906976744186,
      0.4666666666666667,
      0.5882352941176471,
      0.19607843137254902
    ],
    "test_f1_scores": [
      0.041666666666666664,
      0.03076923076923077,
      0.07017543859649122,
      0.2903225806451613,
      0.23529411764705882,
      0.6206896551724139,
      0.37499999999999994,
      0.6585365853658537,
      0.3174603174603175,
      0.711111111111111,
      0.16949152542372883,
      0.7567567567567568,
      0.37288135593220334,
      0.8039215686274509,
      0.2758620689655173,
      0.737864077669903,
      0.7397260273972602,
      0.6363636363636364,
      0.7407407407407407,
      0.3278688524590164
    ],
    "train_samples": 400,
    "test_samples": 100
  },
  "model_file": "cnn_model.pth",
  "checkpoint_file": "cnn_checkpoint.pth",
  "model_parameters": 1718401,
  "best_model_file": "cnn_best.pth",
  "best_checkpoint_file": "cnn_best_checkpoint.pth",
  "best_epoch": 17
}