{
    "global": {
        "Median income in block group Median house age in block group": 0.0009857123559825598,
        "Median income in block group Block group population": 8.442767389635168e-05,
        "Median income in block group Longitude": -0.0026701139423982935,
        "Median house age in block group^2": 0.0002485486377525286,
        "Median house age in block group Block group population": 2.2460059567566594e-06,
        "Median house age in block group Average number of occupants per household": -0.0002511963184144755,
        "Median house age in block group Latitude": -0.00028651734650838684,
        "Average number of rooms per household^2": 8.611765367624329e-05,
        "Average number of rooms per household Block group population": -0.00010305601091355631,
        "Average number of rooms per household Longitude": -3.160953945744387e-05,
        "Average number of bedrooms per household Block group population": 0.0008232721030434371,
        "Block group population^2": 5.2456009539703475e-09,
        "Block group population Average number of occupants per household": 6.606861793694853e-06,
        "Block group population Latitude": 1.1638462335366778e-05,
        "Block group population Longitude": 9.882028000097523e-06,
        "Average number of occupants per household^2": -9.871899821004292e-06,
        "Average number of occupants per household Longitude": 0.000246109479967386,
        "Latitude Longitude": 0.0033162375489382535,
        "Longitude^2": 0.0021792462098163606,
        "intercept": -16.14518689102989,
        "standardized": {
            "Median income in block group Median house age in block group": 1.3251562000184644e-05,
            "Median income in block group Block group population": 1.510309916201551e-08,
            "Median income in block group Longitude": -1.1737014538246557e-05,
            "Median house age in block group^2": 3.3109929661378345e-07,
            "Median house age in block group Block group population": 8.883554978236262e-11,
            "Median house age in block group Average number of occupants per household": -5.500536078467644e-07,
            "Median house age in block group Latitude": -6.280759409215422e-07,
            "Average number of rooms per household^2": 4.276886964425078e-07,
            "Average number of rooms per household Block group population": -1.5635351774754683e-08,
            "Average number of rooms per household Longitude": -1.0670859049703811e-07,
            "Average number of bedrooms per household Block group population": 6.733105395143385e-07,
            "Block group population^2": 3.959482983037512e-16,
            "Block group population Average number of occupants per household": 9.205726109990614e-11,
            "Block group population Latitude": 2.923719632853535e-10,
            "Block group population Longitude": 7.33208762848754e-11,
            "Average number of occupants per household^2": -8.820412527560846e-10,
            "Average number of occupants per household Longitude": 1.9496523297452932e-07,
            "Latitude Longitude": 1.0238572021458833e-05,
            "Longitude^2": 4.537101744093017e-06
        }
    }
}