{
  "model_name": "cnn",
  "model_type": "pytorch",
  "timestamp": "2025-09-17 15:29:41",
  "config": {
    "data_dir": "/Users/wjs/Library/CloudStorage/OneDrive-Personal/Coding, ML & DL/ResponsibleAI/cardd_data/manipulated_results",
    "metadata_dir": "/Users/wjs/Library/CloudStorage/OneDrive-Personal/Coding, ML & DL/ResponsibleAI/cardd_data/manipulated_results/metadata",
    "sample_size": 500,
    "shuffle": true,
    "target_size": [
      512,
      512
    ],
    "batch_size": 32,
    "test_size": 0.2,
    "learning_rate": 0.0001,
    "num_epochs": 50,
    "model_name": "cnn",
    "hidden_size": 256,
    "dropout": 0.3,
    "random_state": 42
  },
  "results": {
    "best_test_acc": 93.0,
    "train_losses": [
      0.6918586125740638,
      0.6767791142830482,
      0.6869792158787067,
      0.6790659794440637,
      0.6719837280420157,
      0.6635627425633944,
      0.6457209678796622,
      0.6347119624798114,
      0.6121889306948736,
      0.6235675536669217,
      0.5708897526447589,
      0.6198390263777512,
      0.582644338791187,
      0.5432915848035079,
      0.5293057308747218,
      0.5115807423224816,
      0.5448653445794032,
      0.5489032520697668,
      0.48579052090644836,
      0.5203683582636026,
      0.4359743067851433,
      0.4958907686747037,
      0.5096071637593783,
      0.4581448275309343,
      0.5336383374837729,
      0.45919289038731503,
      0.47229961019295913,
      0.43365152524067807,
      0.4871803613809439,
      0.4512335703923152,
      0.4640488693347344,
      0.4682255754104027,
      0.450410049695235,
      0.41469889420729417,
      0.43946979825313276,
      0.4542236282275273,
      0.42737215757369995,
      0.43786208904706514,
      0.4188142487635979,
      0.43983944333516634,
      0.4166551874234126,
      0.43619296183952916,
      0.4215102367676221,
      0.41068025735708386,
      0.3594836008090239,
      0.39349694893910336,
      0.35411041516524094,
      0.37768096648729765,
      0.37749286798330456,
      0.49429049400182873
    ],
    "train_accuracies": [
      55.5,
      58.5,
      58.0,
      55.75,
      59.75,
      61.25,
      65.5,
      59.5,
      66.0,
      66.0,
      73.5,
      66.25,
      72.0,
      74.0,
      75.5,
      76.25,
      73.25,
      72.5,
      75.75,
      76.0,
      82.75,
      75.5,
      76.75,
      77.25,
      73.25,
      80.75,
      79.0,
      81.75,
      77.75,
      78.0,
      78.0,
      79.75,
      78.25,
      81.25,
      79.75,
      82.0,
      81.0,
      80.5,
      81.0,
      78.0,
      81.25,
      81.5,
      81.5,
      80.25,
      84.5,
      81.5,
      84.75,
      83.25,
      82.25,
      77.0
    ],
    "test_losses": [
      0.6832291185855865,
      0.7133381068706512,
      0.6817625761032104,
      0.6735458970069885,
      0.6607183218002319,
      0.6715755611658096,
      0.6236312985420227,
      0.6329047977924347,
      0.6599143892526627,
      0.5707830637693405,
      0.8284087479114532,
      0.5592514425516129,
      0.6516860872507095,
      0.6169013381004333,
      0.5814087390899658,
      0.6612648218870163,
      0.4830870181322098,
      0.6887682527303696,
      0.5819407999515533,
      0.5512833297252655,
      0.7194285988807678,
      0.705874115228653,
      0.6781469210982323,
      0.6324038952589035,
      0.5821390300989151,
      1.0146838575601578,
      0.719417616724968,
      0.7914486080408096,
      0.4982653856277466,
      0.4418599456548691,
      0.5500784069299698,
      0.5881326198577881,
      0.44015996158123016,
      0.9987315833568573,
      0.28813308477401733,
      0.679684691131115,
      0.40846527367830276,
      0.8072831332683563,
      0.4963415041565895,
      0.5680891275405884,
      0.4706629365682602,
      0.49190351366996765,
      1.0247479677200317,
      0.5426485240459442,
      0.36774592846632004,
      0.687309518456459,
      0.3347571827471256,
      0.8071779981255531,
      0.6553270220756531,
      0.9543088227510452
    ],
    "test_accuracies": [
      54.0,
      37.0,
      50.0,
      55.0,
      60.0,
      60.0,
      70.0,
      62.0,
      66.0,
      75.0,
      49.0,
      77.0,
      65.0,
      66.0,
      67.0,
      67.0,
      78.0,
      59.0,
      75.0,
      80.0,
      62.0,
      67.0,
      75.0,
      67.0,
      75.0,
      56.0,
      62.0,
      64.0,
      68.0,
      80.0,
      70.0,
      71.0,
      85.0,
      61.0,
      93.0,
      69.0,
      85.0,
      57.0,
      78.0,
      75.0,
      89.0,
      77.0,
      57.0,
      73.0,
      84.0,
      67.0,
      86.0,
      70.0,
      63.0,
      59.0
    ],
    "train_samples": 400,
    "test_samples": 100
  },
  "model_file": "cnn_model.pth",
  "checkpoint_file": "cnn_checkpoint.pth",
  "model_parameters": 1718401
}